<?xml version="1.0" encoding="UTF-8"?>
<LightningComponentBundle xmlns="http://soap.sforce.com/2006/04/metadata">
    <apiVersion>55.0</apiVersion>
    <isExposed>true</isExposed>
    <targets>
        <target>lightning__AppPage</target>
        <target>lightning__Tab</target>
        <target>lightning__FlowScreen</target>
        <target>lightning__RecordAction</target>
    </targets>
    <targetConfigs>
        <targetConfig targets="lightning__FlowScreen">
            <propertyType extends="SObject" name="listCarModels" label="Car Models" description="Display"/>
            <property name="records" type="{listCarModels[]}" label="Records"></property>
        </targetConfig>
    </targetConfigs>
</LightningComponentBundle>